{
  "More Densify (Pancreas)": {
    "psnr_2d": 29.163410186767578,
    "ssim_2d": 0.9224972724914551
  },
  "More Densify (Chest)": {
    "psnr_2d": 26.910585403442383,
    "ssim_2d": 0.8411464095115662
  }
}