{
  "comparison": {
    "r2_gaussian/chest/2": {
      "psnr_2d": 21.048986434936523,
      "ssim_2d": 0.7109506726264954,
      "n_gaussians": 55230
    },
    "spags/chest/2": {
      "psnr_2d": 20.970861434936523,
      "ssim_2d": 0.7110883593559265,
      "n_gaussians": 137634
    },
    "xgaussian/chest/2": {
      "psnr_2d": 17.789411544799805,
      "ssim_2d": 0.6488420963287354,
      "n_gaussians": null
    },
    "fsgs/chest/2": {
      "psnr_2d": 17.861169815063477,
      "ssim_2d": 0.6451132893562317,
      "n_gaussians": null
    },
    "corgs/chest/2": {
      "psnr_2d": 14.95787239074707,
      "ssim_2d": 0.5754127502441406,
      "n_gaussians": null
    },
    "dngaussian/chest/2": {
      "psnr_2d": 18.838342666625977,
      "ssim_2d": 0.6675265431404114,
      "n_gaussians": null
    },
    "r2_gaussian/chest/3": {
      "psnr_2d": 26.216259002685547,
      "ssim_2d": 0.8366703987121582,
      "n_gaussians": 57196
    },
    "spags/chest/3": {
      "psnr_2d": 26.633737564086914,
      "ssim_2d": 0.8390227556228638,
      "n_gaussians": 111298
    },
    "xgaussian/chest/3": {
      "psnr_2d": 20.28789520263672,
      "ssim_2d": 0.7426571846008301,
      "n_gaussians": null
    },
    "fsgs/chest/3": {
      "psnr_2d": 19.99285125732422,
      "ssim_2d": 0.7428774833679199,
      "n_gaussians": null
    },
    "corgs/chest/3": {
      "psnr_2d": 18.548059463500977,
      "ssim_2d": 0.7076941728591919,
      "n_gaussians": null
    },
    "dngaussian/chest/3": {
      "psnr_2d": 20.5466251373291,
      "ssim_2d": 0.7499629259109497,
      "n_gaussians": null
    },
    "r2_gaussian/chest/4": {
      "psnr_2d": 25.47027587890625,
      "ssim_2d": 0.8545700311660767,
      "n_gaussians": 55226
    },
    "spags/chest/4": {
      "psnr_2d": 25.6191463470459,
      "ssim_2d": 0.852327287197113,
      "n_gaussians": 95954
    },
    "xgaussian/chest/4": {
      "psnr_2d": 20.90038299560547,
      "ssim_2d": 0.7688592672348022,
      "n_gaussians": null
    },
    "fsgs/chest/4": {
      "psnr_2d": 21.0266056060791,
      "ssim_2d": 0.772932231426239,
      "n_gaussians": null
    },
    "corgs/chest/4": {
      "psnr_2d": 20.29447364807129,
      "ssim_2d": 0.7636303901672363,
      "n_gaussians": null
    },
    "dngaussian/chest/4": {
      "psnr_2d": 20.99427032470703,
      "ssim_2d": 0.7791182994842529,
      "n_gaussians": null
    },
    "r2_gaussian/head/2": {
      "psnr_2d": 23.540143966674805,
      "ssim_2d": 0.871752917766571,
      "n_gaussians": 49471
    },
    "spags/head/2": {
      "psnr_2d": 23.96569061279297,
      "ssim_2d": 0.8700153231620789,
      "n_gaussians": 129696
    },
    "xgaussian/head/2": {
      "psnr_2d": 19.618932723999023,
      "ssim_2d": 0.8346900343894958,
      "n_gaussians": null
    },
    "fsgs/head/2": {
      "psnr_2d": 19.43433380126953,
      "ssim_2d": 0.8334419131278992,
      "n_gaussians": null
    },
    "corgs/head/2": {
      "psnr_2d": 16.235340118408203,
      "ssim_2d": 0.7992886304855347,
      "n_gaussians": null
    },
    "dngaussian/head/2": {
      "psnr_2d": 15.720843315124512,
      "ssim_2d": 0.7295880317687988,
      "n_gaussians": null
    },
    "r2_gaussian/head/3": {
      "psnr_2d": 26.595212936401367,
      "ssim_2d": 0.9222542643547058,
      "n_gaussians": 49925
    },
    "spags/head/3": {
      "psnr_2d": 26.547470092773438,
      "ssim_2d": 0.9179190993309021,
      "n_gaussians": 103259
    },
    "xgaussian/head/3": {
      "psnr_2d": 21.51612091064453,
      "ssim_2d": 0.8697035312652588,
      "n_gaussians": null
    },
    "fsgs/head/3": {
      "psnr_2d": 21.527830123901367,
      "ssim_2d": 0.8732498288154602,
      "n_gaussians": null
    },
    "corgs/head/3": {
      "psnr_2d": 20.364900588989258,
      "ssim_2d": 0.8643537759780884,
      "n_gaussians": null
    },
    "dngaussian/head/3": {
      "psnr_2d": 18.041101455688477,
      "ssim_2d": 0.8096964359283447,
      "n_gaussians": null
    },
    "r2_gaussian/head/4": {
      "psnr_2d": 28.664403915405273,
      "ssim_2d": 0.9550234079360962,
      "n_gaussians": 49957
    },
    "spags/head/4": {
      "psnr_2d": 28.76250648498535,
      "ssim_2d": 0.9536457061767578,
      "n_gaussians": 89152
    },
    "xgaussian/head/4": {
      "psnr_2d": 24.4586124420166,
      "ssim_2d": 0.9078752398490906,
      "n_gaussians": null
    },
    "fsgs/head/4": {
      "psnr_2d": 24.909900665283203,
      "ssim_2d": 0.9105055332183838,
      "n_gaussians": null
    },
    "corgs/head/4": {
      "psnr_2d": 23.39812469482422,
      "ssim_2d": 0.9088457226753235,
      "n_gaussians": null
    },
    "dngaussian/head/4": {
      "psnr_2d": 16.241552352905273,
      "ssim_2d": 0.7923884391784668,
      "n_gaussians": null
    },
    "r2_gaussian/abdomen/2": {
      "psnr_2d": 24.849130630493164,
      "ssim_2d": 0.9027940630912781,
      "n_gaussians": 50166
    },
    "spags/abdomen/2": {
      "psnr_2d": 25.25574493408203,
      "ssim_2d": 0.906816303730011,
      "n_gaussians": 132430
    },
    "xgaussian/abdomen/2": {
      "psnr_2d": 18.928722381591797,
      "ssim_2d": 0.8594977855682373,
      "n_gaussians": null
    },
    "fsgs/abdomen/2": {
      "psnr_2d": 18.751567840576172,
      "ssim_2d": 0.8579843640327454,
      "n_gaussians": null
    },
    "corgs/abdomen/2": {
      "psnr_2d": 18.504776000976562,
      "ssim_2d": 0.8644564747810364,
      "n_gaussians": null
    },
    "dngaussian/abdomen/2": {
      "psnr_2d": 14.301507949829102,
      "ssim_2d": 0.7663334012031555,
      "n_gaussians": null
    },
    "r2_gaussian/abdomen/3": {
      "psnr_2d": 29.25971031188965,
      "ssim_2d": 0.9362640380859375,
      "n_gaussians": 50467
    },
    "spags/abdomen/3": {
      "psnr_2d": 29.545982360839844,
      "ssim_2d": 0.9374433159828186,
      "n_gaussians": 106026
    },
    "xgaussian/abdomen/3": {
      "psnr_2d": 23.539894104003906,
      "ssim_2d": 0.9077196717262268,
      "n_gaussians": null
    },
    "fsgs/abdomen/3": {
      "psnr_2d": 23.342103958129883,
      "ssim_2d": 0.9067773222923279,
      "n_gaussians": null
    },
    "corgs/abdomen/3": {
      "psnr_2d": 22.44873809814453,
      "ssim_2d": 0.9089377522468567,
      "n_gaussians": null
    },
    "dngaussian/abdomen/3": {
      "psnr_2d": 16.018396377563477,
      "ssim_2d": 0.8257513642311096,
      "n_gaussians": null
    },
    "r2_gaussian/abdomen/4": {
      "psnr_2d": 30.55764389038086,
      "ssim_2d": 0.9617260098457336,
      "n_gaussians": 50407
    },
    "spags/abdomen/4": {
      "psnr_2d": 30.904565811157227,
      "ssim_2d": 0.9626979231834412,
      "n_gaussians": 91187
    },
    "xgaussian/abdomen/4": {
      "psnr_2d": 23.84823989868164,
      "ssim_2d": 0.9257381558418274,
      "n_gaussians": null
    },
    "fsgs/abdomen/4": {
      "psnr_2d": 23.626060485839844,
      "ssim_2d": 0.9275662302970886,
      "n_gaussians": null
    },
    "corgs/abdomen/4": {
      "psnr_2d": 23.029155731201172,
      "ssim_2d": 0.9269078969955444,
      "n_gaussians": null
    },
    "dngaussian/abdomen/4": {
      "psnr_2d": 15.763742446899414,
      "ssim_2d": 0.8485532999038696,
      "n_gaussians": null
    },
    "r2_gaussian/pancreas/2": {
      "psnr_2d": 17.827360153198242,
      "ssim_2d": 0.8122191429138184,
      "n_gaussians": 54148
    },
    "spags/pancreas/2": {
      "psnr_2d": 17.9745,
      "ssim_2d": 0.8147,
      "n_gaussians": null
    },
    "xgaussian/pancreas/2": {
      "psnr_2d": 23.209789276123047,
      "ssim_2d": 0.8502271175384521,
      "n_gaussians": null
    },
    "fsgs/pancreas/2": {
      "psnr_2d": 23.032814025878906,
      "ssim_2d": 0.8563740253448486,
      "n_gaussians": null
    },
    "corgs/pancreas/2": {
      "psnr_2d": 16.148069381713867,
      "ssim_2d": 0.8088452816009521,
      "n_gaussians": null
    },
    "dngaussian/pancreas/2": {
      "psnr_2d": 19.06171226501465,
      "ssim_2d": 0.8082166910171509,
      "n_gaussians": null
    },