{
  "r2_gaussian/chest/3": {
    "psnr_2d": 26.1230525970459,
    "ssim_2d": 0.8369637131690979,
    "psnr_3d": 17.127609252929688,
    "ssim_3d": 0.47185419003168744,
    "has_volume": true
  },
  "r2_gaussian/chest/6": {
    "psnr_2d": 33.22096633911133,
    "ssim_2d": 0.9269627928733826,
    "psnr_3d": 20.768856048583984,
    "ssim_3d": 0.5828425486882528,
    "has_volume": true
  },
  "r2_gaussian/chest/9": {
    "psnr_2d": 36.986671447753906,
    "ssim_2d": 0.9534876942634583,
    "psnr_3d": 23.218379974365234,
    "ssim_3d": 0.6680981516838074,
    "has_volume": true
  },
  "r2_gaussian/head/3": {
    "psnr_2d": 26.54949378967285,
    "ssim_2d": 0.9217343330383301,
    "psnr_3d": 22.849231719970703,
    "ssim_3d": 0.6855896512667338,
    "has_volume": true
  },
  "r2_gaussian/head/6": {
    "psnr_2d": 32.96486282348633,
    "ssim_2d": 0.9732955098152161,
    "psnr_3d": 26.901535034179688,
    "ssim_3d": 0.7816434502601624,
    "has_volume": true
  },
  "r2_gaussian/head/9": {
    "psnr_2d": 35.87428283691406,
    "ssim_2d": 0.9821194410324097,
    "psnr_3d": 28.614824295043945,
    "ssim_3d": 0.8287385304768881,
    "has_volume": true
  },
  "r2_gaussian/abdomen/3": {
    "psnr_2d": 29.233739852905273,
    "ssim_2d": 0.9360957145690918,
    "psnr_3d": 21.313278198242188,
    "ssim_3d": 0.6429199973742167,
    "has_volume": true
  },
  "r2_gaussian/abdomen/6": {
    "psnr_2d": 34.06631851196289,
    "ssim_2d": 0.973965048789978,
    "psnr_3d": 23.58810043334961,
    "ssim_3d": 0.7282669941584269,
    "has_volume": true
  },
  "r2_gaussian/abdomen/9": {
    "psnr_2d": 36.92975997924805,
    "ssim_2d": 0.981334924697876,
    "psnr_3d": 25.115196228027344,
    "ssim_3d": 0.7569209337234497,
    "has_volume": true
  },
  "r2_gaussian/foot/3": {
    "psnr_2d": 28.907672882080078,
    "ssim_2d": 0.8979271054267883,
    "psnr_3d": 23.044025421142578,
    "ssim_3d": 0.7137737075487772,
    "has_volume": true
  },
  "r2_gaussian/foot/6": {
    "psnr_2d": 32.36795425415039,
    "ssim_2d": 0.9373015761375427,
    "psnr_3d": 24.600048065185547,
    "ssim_3d": 0.7705093622207642,
    "has_volume": true
  },
  "r2_gaussian/foot/9": {
    "psnr_2d": 34.82158660888672,
    "ssim_2d": 0.9540370106697083,
    "psnr_3d": 26.37138557434082,
    "ssim_3d": 0.7958513100941976,
    "has_volume": true
  },
  "r2_gaussian/pancreas/3": {
    "psnr_2d": 28.613632202148438,
    "ssim_2d": 0.9198803901672363,
    "psnr_3d": 12.715551376342773,
    "ssim_3d": 0.4429515302181244,
    "has_volume": true
  },
  "r2_gaussian/pancreas/6": {
    "psnr_2d": 33.57562255859375,
    "ssim_2d": 0.9504826068878174,
    "psnr_3d": 13.858091354370117,
    "ssim_3d": 0.42621434728304547,
    "has_volume": true
  },
  "r2_gaussian/pancreas/9": {
    "psnr_2d": 35.68315887451172,
    "ssim_2d": 0.9604486227035522,
    "psnr_3d": 15.015331268310547,
    "ssim_3d": 0.45424705743789673,
    "has_volume": true
  },
  "spags/chest/3": {
    "psnr_2d": 27.091726303100586,
    "ssim_2d": 0.8474150896072388,
    "psnr_3d": 17.835573196411133,
    "ssim_3d": 0.48542193571726483,
    "has_volume": true
  },
  "spags/chest/6": {
    "psnr_2d": 30.351415634155273,
    "ssim_2d": 0.922328770160675,
    "psnr_3d": 20.57428550720215,
    "ssim_3d": 0.573968251546224,
    "has_volume": true
  },
  "spags/chest/9": {
    "psnr_2d": 36.83549118041992,
    "ssim_2d": 0.9524720907211304,
    "psnr_3d": 23.08484649658203,
    "ssim_3d": 0.6609160304069519,
    "has_volume": true
  },
  "spags/head/3": {
    "psnr_2d": 26.65725326538086,
    "ssim_2d": 0.9186129570007324,
    "psnr_3d": 22.83522605895996,
    "ssim_3d": 0.6742804447809855,
    "has_volume": true
  },
  "spags/head/6": {
    "psnr_2d": 31.776565551757812,
    "ssim_2d": 0.9707186818122864,
    "psnr_3d": 26.621885299682617,
    "ssim_3d": 0.7729912598927816,
    "has_volume": true
  },
  "spags/head/9": {
    "psnr_2d": 35.99304962158203,
    "ssim_2d": 0.9824442267417908,
    "psnr_3d": 28.67778968811035,
    "ssim_3d": 0.8285318613052368,
    "has_volume": true
  },
  "spags/abdomen/3": {
    "psnr_2d": 29.62777328491211,
    "ssim_2d": 0.9378842711448669,
    "psnr_3d": 21.52886199951172,
    "ssim_3d": 0.6438040137290955,
    "has_volume": true
  },
  "spags/abdomen/6": {
    "psnr_2d": 31.669950485229492,
    "ssim_2d": 0.973728358745575,
    "psnr_3d": 23.64328384399414,
    "ssim_3d": 0.7283506194750468,
    "has_volume": true
  },
  "spags/abdomen/9": {
    "psnr_2d": 36.701358795166016,
    "ssim_2d": 0.9818918108940125,
    "psnr_3d": 25.257984161376953,
    "ssim_3d": 0.758804460366567,
    "has_volume": true
  },
  "spags/foot/3": {
    "psnr_2d": 28.415674209594727,
    "ssim_2d": 0.8993435502052307,
    "psnr_3d": 23.18588638305664,
    "ssim_3d": 0.7114499807357788,
    "has_volume": true
  },
  "spags/foot/6": {
    "psnr_2d": 30.96112060546875,
    "ssim_2d": 0.9392879605293274,
    "psnr_3d": 24.793678283691406,
    "ssim_3d": 0.7711489200592041,
    "has_volume": true
  },
  "spags/foot/9": {
    "psnr_2d": 34.676918029785156,
    "ssim_2d": 0.9550261497497559,
    "psnr_3d": 26.48876953125,
    "ssim_3d": 0.7943670550982157,
    "has_volume": true
  },
  "spags/pancreas/3": {
    "psnr_2d": 29.239967346191406,
    "ssim_2d": 0.9253382682800293,
    "psnr_3d": 12.978567123413086,
    "ssim_3d": 0.4600839118162791,
    "has_volume": true
  },
  "spags/pancreas/6": {
    "psnr_2d": 33.10260009765625,
    "ssim_2d": 0.9531372785568237,
    "psnr_3d": 14.020397186279297,
    "ssim_3d": 0.4635489781697591,
    "has_volume": true
  },
  "spags/pancreas/9": {
    "psnr_2d": 35.70005416870117,
    "ssim_2d": 0.9609849452972412,
    "psnr_3d": 15.046289443969727,
    "ssim_3d": 0.4578997989495595,
    "has_volume": true
  }
}